{"authorised":false,"blocks":{"slideshow":{"title":"Slideshow","blocks":[{"id":1,"title":"Slideshow 1","preview":"","json":"[]","thumb":"https:\/\/www.joomshaper.com\/images\/pagebuilder\/blocks\/1.jpg"},{"id":2,"title":"Slideshow 2","preview":"","json":"[]","thumb":"https:\/\/www.joomshaper.com\/images\/pagebuilder\/blocks\/2.jpg"},{"id":3,"title":"Slideshow 3","preview":"","json":"[]","thumb":"https:\/\/www.joomshaper.com\/images\/pagebuilder\/blocks\/3.jpg"},{"id":4,"title":"Slideshow 4","preview":"","json":"[]","thumb":"https:\/\/www.joomshaper.com\/images\/pagebuilder\/blocks\/4.jpg"},{"id":5,"title":"Slideshow 5","preview":"","json":"[]","thumb":"https:\/\/www.joomshaper.com\/images\/pagebuilder\/blocks\/5.jpg"},{"id":6,"title":"Slideshow 6","preview":"","json":"[]","thumb":"https:\/\/www.joomshaper.com\/images\/pagebuilder\/blocks\/6.jpg"},{"id":7,"title":"Slideshow 7","preview":"","json":"[]","thumb":"https:\/\/www.joomshaper.com\/images\/pagebuilder\/blocks\/7.jpg"},{"id":8,"title":"Slideshow 8","preview":"","json":"[]","thumb":"https:\/\/www.joomshaper.com\/images\/pagebuilder\/blocks\/8.jpg"},{"id":9,"title":"Slideshow 9","preview":"","json":"[]","thumb":"https:\/\/www.joomshaper.com\/images\/pagebuilder\/blocks\/9.jpg"},{"id":10,"title":"Slideshow 10","preview":"","json":"[]","thumb":"https:\/\/www.joomshaper.com\/images\/pagebuilder\/blocks\/10.jpg"},{"id":11,"title":"Slideshow 11","preview":"","json":"[]","thumb":"https:\/\/www.joomshaper.com\/images\/pagebuilder\/blocks\/11.jpg"},{"id":12,"title":"Slideshow 12","preview":"","json":"[]","thumb":"https:\/\/www.joomshaper.com\/images\/pagebuilder\/blocks\/12.jpg"},{"id":13,"title":"Slideshow 13","preview":"","json":"[]","thumb":"https:\/\/www.joomshaper.com\/images\/pagebuilder\/blocks\/13.jpg"},{"id":14,"title":"Slideshow 14","preview":"","json":"[]","thumb":"https:\/\/www.joomshaper.com\/images\/pagebuilder\/blocks\/14.jpg"},{"id":15,"title":"Slideshow 15","preview":"","json":"[]","thumb":"https:\/\/www.joomshaper.com\/images\/pagebuilder\/blocks\/15.jpg"},{"id":16,"title":"Slideshow 16","preview":"","json":"[]","thumb":"https:\/\/www.joomshaper.com\/images\/pagebuilder\/blocks\/16.jpg"}]},"hero":{"title":"Hero","blocks":[{"id":177,"title":"Hero 34","preview":"","json":"[]","thumb":"https:\/\/www.joomshaper.com\/images\/pagebuilder\/blocks\/177.jpg"},{"id":176,"title":"Hero 33","preview":"","json":"[]","thumb":"https:\/\/www.joomshaper.com\/images\/pagebuilder\/blocks\/176.jpg"},{"id":175,"title":"Hero 32","preview":"","json":"[]","thumb":"https:\/\/www.joomshaper.com\/images\/pagebuilder\/blocks\/175.jpg"},{"id":174,"title":"Hero 31","preview":"","json":"[]","thumb":"https:\/\/www.joomshaper.com\/images\/pagebuilder\/blocks\/174.jpg"},{"id":173,"title":"Hero 30","preview":"","json":"[]","thumb":"https:\/\/www.joomshaper.com\/images\/pagebuilder\/blocks\/173.jpg"},{"id":172,"title":"Hero 29","preview":"","json":"[]","thumb":"https:\/\/www.joomshaper.com\/images\/pagebuilder\/blocks\/172.jpg"},{"id":171,"title":"Hero 28","preview":"","json":"[]","thumb":"https:\/\/www.joomshaper.com\/images\/pagebuilder\/blocks\/171.jpg"},{"id":170,"title":"Hero 27","preview":"","json":"[]","thumb":"https:\/\/www.joomshaper.com\/images\/pagebuilder\/blocks\/170.jpg"},{"id":169,"title":"Hero 26","preview":"","json":"[]","thumb":"https:\/\/www.joomshaper.com\/images\/pagebuilder\/blocks\/169.jpg"},{"id":168,"title":"Hero 25","preview":"","json":"[]","thumb":"https:\/\/www.joomshaper.com\/images\/pagebuilder\/blocks\/168.jpg"},{"id":167,"title":"Hero 24","preview":"","json":"[]","thumb":"https:\/\/www.joomshaper.com\/images\/pagebuilder\/blocks\/167.jpg"},{"id":166,"title":"Hero 23","preview":"","json":"[]","thumb":"https:\/\/www.joomshaper.com\/images\/pagebuilder\/blocks\/166.jpg"},{"id":17,"title":"Hero 1","preview":"","json":"[]","thumb":"https:\/\/www.joomshaper.com\/images\/pagebuilder\/blocks\/17.jpg"},{"id":18,"title":"Hero 2","preview":"","json":"[]","thumb":"https:\/\/www.joomshaper.com\/images\/pagebuilder\/blocks\/18.jpg"},{"id":19,"title":"Hero 3","preview":"","json":"[]","thumb":"https:\/\/www.joomshaper.com\/images\/pagebuilder\/blocks\/19.jpg"},{"id":20,"title":"Hero 4","preview":"","json":"[]","thumb":"https:\/\/www.joomshaper.com\/images\/pagebuilder\/blocks\/20.jpg"},{"id":21,"title":"Hero 5","preview":"","json":"[]","thumb":"https:\/\/www.joomshaper.com\/images\/pagebuilder\/blocks\/21.jpg"},{"id":22,"title":"Hero 6","preview":"","json":"[]","thumb":"https:\/\/www.joomshaper.com\/images\/pagebuilder\/blocks\/22.jpg"},{"id":23,"title":"Hero 7","preview":"","json":"[]","thumb":"https:\/\/www.joomshaper.com\/images\/pagebuilder\/blocks\/23.jpg"},{"id":24,"title":"Hero 8","preview":"","json":"[]","thumb":"https:\/\/www.joomshaper.com\/images\/pagebuilder\/blocks\/24.jpg"},{"id":25,"title":"Hero 9","preview":"","json":"[]","thumb":"https:\/\/www.joomshaper.com\/images\/pagebuilder\/blocks\/25.jpg"},{"id":26,"title":"Hero 10","preview":"","json":"[]","thumb":"https:\/\/www.joomshaper.com\/images\/pagebuilder\/blocks\/26.jpg"},{"id":27,"title":"Hero 11","preview":"","json":"[]","thumb":"https:\/\/www.joomshaper.com\/images\/pagebuilder\/blocks\/27.jpg"},{"id":28,"title":"Hero 12","preview":"","json":"[]","thumb":"https:\/\/www.joomshaper.com\/images\/pagebuilder\/blocks\/28.jpg"},{"id":29,"title":"Hero 13","preview":"","json":"[]","thumb":"https:\/\/www.joomshaper.com\/images\/pagebuilder\/blocks\/29.jpg"},{"id":30,"title":"Hero 14","preview":"","json":"[]","thumb":"https:\/\/www.joomshaper.com\/images\/pagebuilder\/blocks\/30.jpg"},{"id":31,"title":"Hero 15","preview":"","json":"[]","thumb":"https:\/\/www.joomshaper.com\/images\/pagebuilder\/blocks\/31.jpg"},{"id":32,"title":"Hero 16","preview":"","json":"[]","thumb":"https:\/\/www.joomshaper.com\/images\/pagebuilder\/blocks\/32.jpg"},{"id":33,"title":"Hero 17","preview":"","json":"[]","thumb":"https:\/\/www.joomshaper.com\/images\/pagebuilder\/blocks\/33.jpg"},{"id":34,"title":"Hero 18","preview":"","json":"[]","thumb":"https:\/\/www.joomshaper.com\/images\/pagebuilder\/blocks\/34.jpg"},{"id":35,"title":"Hero 19","preview":"","json":"[]","thumb":"https:\/\/www.joomshaper.com\/images\/pagebuilder\/blocks\/35.jpg"},{"id":36,"title":"Hero 20","preview":"","json":"[]","thumb":"https:\/\/www.joomshaper.com\/images\/pagebuilder\/blocks\/36.jpg"},{"id":37,"title":"Hero 21","preview":"","json":"[]","thumb":"https:\/\/www.joomshaper.com\/images\/pagebuilder\/blocks\/37.jpg"},{"id":38,"title":"Hero 22","preview":"","json":"[]","thumb":"https:\/\/www.joomshaper.com\/images\/pagebuilder\/blocks\/38.jpg"}]},"features":{"title":"Features","blocks":[{"id":39,"title":"Feature 1","preview":"","json":"[]","thumb":"https:\/\/www.joomshaper.com\/images\/pagebuilder\/blocks\/39.jpg"},{"id":40,"title":"Feature 2","preview":"","json":"[]","thumb":"https:\/\/www.joomshaper.com\/images\/pagebuilder\/blocks\/40.jpg"},{"id":41,"title":"Feature 3","preview":"","json":"[]","thumb":"https:\/\/www.joomshaper.com\/images\/pagebuilder\/blocks\/41.jpg"},{"id":42,"title":"Feature 4","preview":"","json":"[]","thumb":"https:\/\/www.joomshaper.com\/images\/pagebuilder\/blocks\/42.jpg"},{"id":43,"title":"Feature 5","preview":"","json":"[]","thumb":"https:\/\/www.joomshaper.com\/images\/pagebuilder\/blocks\/43.jpg"},{"id":44,"title":"Feature 6","preview":"","json":"[]","thumb":"https:\/\/www.joomshaper.com\/images\/pagebuilder\/blocks\/44.jpg"},{"id":45,"title":"Feature 7","preview":"","json":"[]","thumb":"https:\/\/www.joomshaper.com\/images\/pagebuilder\/blocks\/45.jpg"},{"id":46,"title":"Feature 8","preview":"","json":"[]","thumb":"https:\/\/www.joomshaper.com\/images\/pagebuilder\/blocks\/46.jpg"},{"id":47,"title":"Feature 9","preview":"","json":"[]","thumb":"https:\/\/www.joomshaper.com\/images\/pagebuilder\/blocks\/47.jpg"},{"id":48,"title":"Feature 10","preview":"","json":"[]","thumb":"https:\/\/www.joomshaper.com\/images\/pagebuilder\/blocks\/48.jpg"},{"id":49,"title":"Feature 11","preview":"","json":"[]","thumb":"https:\/\/www.joomshaper.com\/images\/pagebuilder\/blocks\/49.jpg"},{"id":50,"title":"Feature 12","preview":"","json":"[]","thumb":"https:\/\/www.joomshaper.com\/images\/pagebuilder\/blocks\/50.jpg"}]},"contents":{"title":"Contents","blocks":[{"id":51,"title":"Content 1","preview":"","json":"[]","thumb":"https:\/\/www.joomshaper.com\/images\/pagebuilder\/blocks\/51.jpg"},{"id":52,"title":"Content 2","preview":"","json":"[]","thumb":"https:\/\/www.joomshaper.com\/images\/pagebuilder\/blocks\/52.jpg"},{"id":53,"title":"Content 3","preview":"","json":"[]","thumb":"https:\/\/www.joomshaper.com\/images\/pagebuilder\/blocks\/53.jpg"},{"id":54,"title":"Content 4","preview":"","json":"[]","thumb":"https:\/\/www.joomshaper.com\/images\/pagebuilder\/blocks\/54.jpg"},{"id":55,"title":"Content 5","preview":"","json":"[]","thumb":"https:\/\/www.joomshaper.com\/images\/pagebuilder\/blocks\/55.jpg"},{"id":56,"title":"Content 6","preview":"","json":"[]","thumb":"https:\/\/www.joomshaper.com\/images\/pagebuilder\/blocks\/56.jpg"},{"id":57,"title":"Content 7","preview":"","json":"[]","thumb":"https:\/\/www.joomshaper.com\/images\/pagebuilder\/blocks\/57.jpg"},{"id":58,"title":"Content 8","preview":"","json":"[]","thumb":"https:\/\/www.joomshaper.com\/images\/pagebuilder\/blocks\/58.jpg"},{"id":59,"title":"Content 9","preview":"","json":"[]","thumb":"https:\/\/www.joomshaper.com\/images\/pagebuilder\/blocks\/59.jpg"},{"id":60,"title":"Content 10","preview":"","json":"[]","thumb":"https:\/\/www.joomshaper.com\/images\/pagebuilder\/blocks\/60.jpg"},{"id":61,"title":"Content 11","preview":"","json":"[]","thumb":"https:\/\/www.joomshaper.com\/images\/pagebuilder\/blocks\/61.jpg"},{"id":62,"title":"Content 12","preview":"","json":"[]","thumb":"https:\/\/www.joomshaper.com\/images\/pagebuilder\/blocks\/62.jpg"},{"id":63,"title":"Content 13","preview":"","json":"[]","thumb":"https:\/\/www.joomshaper.com\/images\/pagebuilder\/blocks\/63.jpg"},{"id":64,"title":"Content 14","preview":"","json":"[]","thumb":"https:\/\/www.joomshaper.com\/images\/pagebuilder\/blocks\/64.jpg"},{"id":65,"title":"Content 15","preview":"","json":"[]","thumb":"https:\/\/www.joomshaper.com\/images\/pagebuilder\/blocks\/65.jpg"},{"id":66,"title":"Content 16","preview":"","json":"[]","thumb":"https:\/\/www.joomshaper.com\/images\/pagebuilder\/blocks\/66.jpg"},{"id":67,"title":"Content 17","preview":"","json":"[]","thumb":"https:\/\/www.joomshaper.com\/images\/pagebuilder\/blocks\/67.jpg"},{"id":68,"title":"Content 18","preview":"","json":"[]","thumb":"https:\/\/www.joomshaper.com\/images\/pagebuilder\/blocks\/68.jpg"},{"id":69,"title":"Content 19","preview":"","json":"[]","thumb":"https:\/\/www.joomshaper.com\/images\/pagebuilder\/blocks\/69.jpg"},{"id":70,"title":"Content 20","preview":"","json":"[]","thumb":"https:\/\/www.joomshaper.com\/images\/pagebuilder\/blocks\/70.png"},{"id":71,"title":"Content 21","preview":"","json":"[]","thumb":"https:\/\/www.joomshaper.com\/images\/pagebuilder\/blocks\/71.png"},{"id":72,"title":"Content 22","preview":"","json":"[]","thumb":"https:\/\/www.joomshaper.com\/images\/pagebuilder\/blocks\/72.png"},{"id":73,"title":"Content 23","preview":"","json":"[]","thumb":"https:\/\/www.joomshaper.com\/images\/pagebuilder\/blocks\/73.jpg"},{"id":74,"title":"Content 24","preview":"","json":"[]","thumb":"https:\/\/www.joomshaper.com\/images\/pagebuilder\/blocks\/74.jpg"},{"id":75,"title":"Content 25","preview":"","json":"[]","thumb":"https:\/\/www.joomshaper.com\/images\/pagebuilder\/blocks\/75.jpg"}]},"pricing":{"title":"Pricing","blocks":[{"id":76,"title":"Pricing 1","preview":"","json":"[]","thumb":"https:\/\/www.joomshaper.com\/images\/pagebuilder\/blocks\/76.jpg"},{"id":77,"title":"Pricing 2","preview":"","json":"[]","thumb":"https:\/\/www.joomshaper.com\/images\/pagebuilder\/blocks\/77.jpg"},{"id":78,"title":"Pricing 3","preview":"","json":"[]","thumb":"https:\/\/www.joomshaper.com\/images\/pagebuilder\/blocks\/78.png"},{"id":79,"title":"Pricing 4","preview":"","json":"[]","thumb":"https:\/\/www.joomshaper.com\/images\/pagebuilder\/blocks\/79.png"},{"id":80,"title":"Pricing 5","preview":"","json":"[]","thumb":"https:\/\/www.joomshaper.com\/images\/pagebuilder\/blocks\/80.png"},{"id":81,"title":"Pricing 6","preview":"","json":"[]","thumb":"https:\/\/www.joomshaper.com\/images\/pagebuilder\/blocks\/81.png"},{"id":82,"title":"Pricing 7","preview":"","json":"[]","thumb":"https:\/\/www.joomshaper.com\/images\/pagebuilder\/blocks\/82.png"},{"id":83,"title":"Pricing 8","preview":"","json":"[]","thumb":"https:\/\/www.joomshaper.com\/images\/pagebuilder\/blocks\/83.png"}]},"call-to-action":{"title":"Call to Action","blocks":[{"id":84,"title":"Call to Action 1","preview":"","json":"[]","thumb":"https:\/\/www.joomshaper.com\/images\/pagebuilder\/blocks\/84.jpg"},{"id":85,"title":"Call to Action 2","preview":"","json":"[]","thumb":"https:\/\/www.joomshaper.com\/images\/pagebuilder\/blocks\/85.jpg"},{"id":86,"title":"Call to Action 3","preview":"","json":"[]","thumb":"https:\/\/www.joomshaper.com\/images\/pagebuilder\/blocks\/86.jpg"},{"id":87,"title":"Call to Action 4","preview":"","json":"[]","thumb":"https:\/\/www.joomshaper.com\/images\/pagebuilder\/blocks\/87.jpg"},{"id":88,"title":"Call to Action 5","preview":"","json":"[]","thumb":"https:\/\/www.joomshaper.com\/images\/pagebuilder\/blocks\/88.jpg"},{"id":89,"title":"Call to Action 6","preview":"","json":"[]","thumb":"https:\/\/www.joomshaper.com\/images\/pagebuilder\/blocks\/89.jpg"},{"id":90,"title":"Call to Action 7","preview":"","json":"[]","thumb":"https:\/\/www.joomshaper.com\/images\/pagebuilder\/blocks\/90.jpg"},{"id":91,"title":"Call to Action 8","preview":"","json":"[]","thumb":"https:\/\/www.joomshaper.com\/images\/pagebuilder\/blocks\/91.jpg"},{"id":92,"title":"Call to Action 9","preview":"","json":"[]","thumb":"https:\/\/www.joomshaper.com\/images\/pagebuilder\/blocks\/92.jpg"},{"id":93,"title":"Call to Action 10","preview":"","json":"[]","thumb":"https:\/\/www.joomshaper.com\/images\/pagebuilder\/blocks\/93.jpg"},{"id":94,"title":"Call to Action 11","preview":"","json":"[]","thumb":"https:\/\/www.joomshaper.com\/images\/pagebuilder\/blocks\/94.jpg"},{"id":95,"title":"Call to Action 12","preview":"","json":"[]","thumb":"https:\/\/www.joomshaper.com\/images\/pagebuilder\/blocks\/95.jpg"},{"id":96,"title":"Call to Action 13","preview":"","json":"[]","thumb":"https:\/\/www.joomshaper.com\/images\/pagebuilder\/blocks\/96.jpg"},{"id":97,"title":"Call to Action 14","preview":"","json":"[]","thumb":"https:\/\/www.joomshaper.com\/images\/pagebuilder\/blocks\/97.jpg"}]},"team":{"title":"Team","blocks":[{"id":101,"title":"Team 1","preview":"","json":"[]","thumb":"https:\/\/www.joomshaper.com\/images\/pagebuilder\/blocks\/101.jpg"},{"id":102,"title":"Team 2","preview":"","json":"[]","thumb":"https:\/\/www.joomshaper.com\/images\/pagebuilder\/blocks\/102.jpg"},{"id":103,"title":"Team 3","preview":"","json":"[]","thumb":"https:\/\/www.joomshaper.com\/images\/pagebuilder\/blocks\/103.jpg"}]},"testimonials":{"title":"Testimonials","blocks":[{"id":98,"title":"Testimonial 1","preview":"","json":"[]","thumb":"https:\/\/www.joomshaper.com\/images\/pagebuilder\/blocks\/98.png"},{"id":99,"title":"Testimonial 2","preview":"","json":"[]","thumb":"https:\/\/www.joomshaper.com\/images\/pagebuilder\/blocks\/99.png"},{"id":100,"title":"Testimonial 3","preview":"","json":"[]","thumb":"https:\/\/www.joomshaper.com\/images\/pagebuilder\/blocks\/100.png"}]},"contacts":{"title":"Contacts","blocks":[{"id":104,"title":"Contact 1","preview":"","json":"[]","thumb":"https:\/\/www.joomshaper.com\/images\/pagebuilder\/blocks\/104.jpg"},{"id":105,"title":"Contact 2","preview":"","json":"[]","thumb":"https:\/\/www.joomshaper.com\/images\/pagebuilder\/blocks\/105.jpg"},{"id":106,"title":"Contact 3","preview":"","json":"[]","thumb":"https:\/\/www.joomshaper.com\/images\/pagebuilder\/blocks\/106.png"},{"id":107,"title":"Contact 4","preview":"","json":"[]","thumb":"https:\/\/www.joomshaper.com\/images\/pagebuilder\/blocks\/107.png"},{"id":108,"title":"Contact 5","preview":"","json":"[]","thumb":"https:\/\/www.joomshaper.com\/images\/pagebuilder\/blocks\/108.png"},{"id":109,"title":"Contact 6","preview":"","json":"[]","thumb":"https:\/\/www.joomshaper.com\/images\/pagebuilder\/blocks\/109.png"}]},"animated-text":{"title":"Animated Text","blocks":[{"id":110,"title":"Blinds","preview":"","json":"[]","thumb":"https:\/\/www.joomshaper.com\/images\/pagebuilder\/blocks\/110.jpg"},{"id":111,"title":"Clip","preview":"","json":"[]","thumb":"https:\/\/www.joomshaper.com\/images\/pagebuilder\/blocks\/111.jpg"},{"id":112,"title":"Typing","preview":"","json":"[]","thumb":"https:\/\/www.joomshaper.com\/images\/pagebuilder\/blocks\/112.jpg"},{"id":113,"title":"Flip","preview":"","json":"[]","thumb":"https:\/\/www.joomshaper.com\/images\/pagebuilder\/blocks\/113.jpg"},{"id":114,"title":"Fade In","preview":"","json":"[]","thumb":"https:\/\/www.joomshaper.com\/images\/pagebuilder\/blocks\/114.jpg"},{"id":115,"title":"Loading","preview":"","json":"[]","thumb":"https:\/\/www.joomshaper.com\/images\/pagebuilder\/blocks\/115.jpg"},{"id":116,"title":"Scale","preview":"","json":"[]","thumb":"https:\/\/www.joomshaper.com\/images\/pagebuilder\/blocks\/116.jpg"},{"id":117,"title":"Swirl","preview":"","json":"[]","thumb":"https:\/\/www.joomshaper.com\/images\/pagebuilder\/blocks\/117.jpg"},{"id":118,"title":"Push","preview":"","json":"[]","thumb":"https:\/\/www.joomshaper.com\/images\/pagebuilder\/blocks\/118.jpg"},{"id":119,"title":"Twist","preview":"","json":"[]","thumb":"https:\/\/www.joomshaper.com\/images\/pagebuilder\/blocks\/119.jpg"}]},"highlighted-heading":{"title":"Highlighted Heading","blocks":[{"id":120,"title":"Background Fill","preview":"","json":"[]","thumb":"https:\/\/www.joomshaper.com\/images\/pagebuilder\/blocks\/120.jpg"},{"id":121,"title":"Circle","preview":"","json":"[]","thumb":"https:\/\/www.joomshaper.com\/images\/pagebuilder\/blocks\/121.jpg"},{"id":122,"title":"Cross","preview":"","json":"[]","thumb":"https:\/\/www.joomshaper.com\/images\/pagebuilder\/blocks\/122.jpg"},{"id":123,"title":"Diagonal","preview":"","json":"[]","thumb":"https:\/\/www.joomshaper.com\/images\/pagebuilder\/blocks\/123.jpg"},{"id":124,"title":"Strike Through","preview":"","json":"[]","thumb":"https:\/\/www.joomshaper.com\/images\/pagebuilder\/blocks\/124.jpg"},{"id":125,"title":"Rectangle","preview":"","json":"[]","thumb":"https:\/\/www.joomshaper.com\/images\/pagebuilder\/blocks\/125.jpg"},{"id":126,"title":"Top Bottom Line","preview":"","json":"[]","thumb":"https:\/\/www.joomshaper.com\/images\/pagebuilder\/blocks\/126.jpg"},{"id":127,"title":"Underline","preview":"","json":"[]","thumb":"https:\/\/www.joomshaper.com\/images\/pagebuilder\/blocks\/127.jpg"},{"id":128,"title":"Double Underline","preview":"","json":"[]","thumb":"https:\/\/www.joomshaper.com\/images\/pagebuilder\/blocks\/128.jpg"},{"id":129,"title":"Scribble Underline","preview":"","json":"[]","thumb":"https:\/\/www.joomshaper.com\/images\/pagebuilder\/blocks\/129.jpg"},{"id":130,"title":"Sharp Zigzag Underline","preview":"","json":"[]","thumb":"https:\/\/www.joomshaper.com\/images\/pagebuilder\/blocks\/130.jpg"},{"id":131,"title":"Wave","preview":"","json":"[]","thumb":"https:\/\/www.joomshaper.com\/images\/pagebuilder\/blocks\/131.jpg"}]},"blend-mode":{"title":"Blend Mode","blocks":[{"id":132,"title":"Blend 1","preview":"","json":"[]","thumb":"https:\/\/www.joomshaper.com\/images\/pagebuilder\/blocks\/132.jpg"},{"id":133,"title":"Blend 2","preview":"","json":"[]","thumb":"https:\/\/www.joomshaper.com\/images\/pagebuilder\/blocks\/133.jpg"},{"id":134,"title":"Blend 3","preview":"","json":"[]","thumb":"https:\/\/www.joomshaper.com\/images\/pagebuilder\/blocks\/134.jpg"},{"id":135,"title":"Blend 4","preview":"","json":"[]","thumb":"https:\/\/www.joomshaper.com\/images\/pagebuilder\/blocks\/135.jpg"},{"id":136,"title":"Blend 5","preview":"","json":"[]","thumb":"https:\/\/www.joomshaper.com\/images\/pagebuilder\/blocks\/136.jpg"},{"id":137,"title":"Blend 6","preview":"","json":"[]","thumb":"https:\/\/www.joomshaper.com\/images\/pagebuilder\/blocks\/137.jpg"},{"id":138,"title":"Blend 7","preview":"","json":"[]","thumb":"https:\/\/www.joomshaper.com\/images\/pagebuilder\/blocks\/138.jpg"}]},"slideshow-video-background":{"title":"Slideshow Video Background","blocks":[{"id":140,"title":"Slideshow Video Background 1","preview":"https:\/\/sppagebuilder.com\/slideshow-video-background\/#section-id-1555396954266","json":"[]","thumb":"https:\/\/www.joomshaper.com\/images\/pagebuilder\/blocks\/140.jpg"},{"id":141,"title":"Slideshow Video Background 2","preview":"https:\/\/sppagebuilder.com\/slideshow-video-background\/#section-id-1555396954309","json":"[]","thumb":"https:\/\/www.joomshaper.com\/images\/pagebuilder\/blocks\/141.jpg"},{"id":142,"title":"Slideshow Video Background 3","preview":"https:\/\/sppagebuilder.com\/slideshow-video-background\/#section-id-1554974624319","json":"[]","thumb":"https:\/\/www.joomshaper.com\/images\/pagebuilder\/blocks\/142.jpg"},{"id":143,"title":"Slideshow Video Background 4","preview":"https:\/\/sppagebuilder.com\/slideshow-video-background\/#section-id-1554984519281","json":"[]","thumb":"https:\/\/www.joomshaper.com\/images\/pagebuilder\/blocks\/143.jpg"},{"id":144,"title":"Slideshow Video Background 5","preview":"https:\/\/sppagebuilder.com\/slideshow-video-background\/#section-id-1555045543894","json":"[]","thumb":"https:\/\/www.joomshaper.com\/images\/pagebuilder\/blocks\/144.jpg"},{"id":145,"title":"Slideshow Video Background 6","preview":"https:\/\/sppagebuilder.com\/slideshow-video-background\/#section-id-1555045544179","json":"[]","thumb":"https:\/\/www.joomshaper.com\/images\/pagebuilder\/blocks\/145.jpg"},{"id":146,"title":"Slideshow Video Background 7","preview":"https:\/\/sppagebuilder.com\/slideshow-video-background\/#section-id-1555303437394","json":"[]","thumb":"https:\/\/www.joomshaper.com\/images\/pagebuilder\/blocks\/146.jpg"},{"id":147,"title":"Slideshow Video Background 8","preview":"https:\/\/sppagebuilder.com\/slideshow-video-background\/#section-id-1555311491816","json":"[]","thumb":"https:\/\/www.joomshaper.com\/images\/pagebuilder\/blocks\/147.jpg"},{"id":148,"title":"Slideshow Video Background 9","preview":"https:\/\/sppagebuilder.com\/slideshow-video-background\/#section-id-1555311492579","json":"[]","thumb":"https:\/\/www.joomshaper.com\/images\/pagebuilder\/blocks\/148.jpg"},{"id":149,"title":"Slideshow Video Background 10","preview":"https:\/\/sppagebuilder.com\/slideshow-video-background\/#section-id-1555311493096","json":"[]","thumb":"https:\/\/www.joomshaper.com\/images\/pagebuilder\/blocks\/149.jpg"}]},"table-new":{"title":"Table","blocks":[{"id":150,"title":"Table 1","preview":"https:\/\/sppagebuilder.com\/table-addon\/#sppb-addon-table-1","json":"[]","thumb":"https:\/\/www.joomshaper.com\/images\/pagebuilder\/blocks\/150.jpg"},{"id":151,"title":"Table 2","preview":"https:\/\/sppagebuilder.com\/table-addon\/#sppb-addon-table-2","json":"[]","thumb":"https:\/\/www.joomshaper.com\/images\/pagebuilder\/blocks\/151.jpg"},{"id":152,"title":"Table 3","preview":"https:\/\/sppagebuilder.com\/table-addon\/#sppb-addon-table-3","json":"[]","thumb":"https:\/\/www.joomshaper.com\/images\/pagebuilder\/blocks\/152.jpg"},{"id":153,"title":"Table 4","preview":"https:\/\/sppagebuilder.com\/table-addon\/#sppb-addon-table-4","json":"[]","thumb":"https:\/\/www.joomshaper.com\/images\/pagebuilder\/blocks\/153.jpg"},{"id":154,"title":"Table 5","preview":"https:\/\/sppagebuilder.com\/table-addon\/#sppb-addon-table-5","json":"[]","thumb":"https:\/\/www.joomshaper.com\/images\/pagebuilder\/blocks\/154.jpg"},{"id":155,"title":"Table 6","preview":"https:\/\/sppagebuilder.com\/table-addon\/#sppb-addon-table-6","json":"[]","thumb":"https:\/\/www.joomshaper.com\/images\/pagebuilder\/blocks\/155.jpg"},{"id":156,"title":"Table 7","preview":"https:\/\/sppagebuilder.com\/table-addon\/#sppb-addon-table-7","json":"[]","thumb":"https:\/\/www.joomshaper.com\/images\/pagebuilder\/blocks\/156.jpg"}]},"image-carousel":{"title":"Image Carousel","blocks":[{"id":157,"title":"Image Carousel 1","preview":"https:\/\/sppagebuilder.com\/image-carousel\/#image-carousel-1","json":"[]","thumb":"https:\/\/www.joomshaper.com\/images\/pagebuilder\/blocks\/157.jpg"},{"id":158,"title":"Image Carousel 2","preview":"https:\/\/sppagebuilder.com\/image-carousel\/#image-carousel-2","json":"[]","thumb":"https:\/\/www.joomshaper.com\/images\/pagebuilder\/blocks\/158.jpg"},{"id":159,"title":"Image Carousel 3","preview":"https:\/\/sppagebuilder.com\/image-carousel\/#image-carousel-3","json":"[]","thumb":"https:\/\/www.joomshaper.com\/images\/pagebuilder\/blocks\/159.jpg"},{"id":160,"title":"Image Carousel 4","preview":"https:\/\/sppagebuilder.com\/image-carousel\/#image-carousel-4","json":"[]","thumb":"https:\/\/www.joomshaper.com\/images\/pagebuilder\/blocks\/160.jpg"}]},"testimonial-carousel":{"title":"Testimonial Carousel","blocks":[{"id":161,"title":"Testimonial Carousel 1","preview":"https:\/\/sppagebuilder.com\/testimonial-carousel\/#section-1","json":"[]","thumb":"https:\/\/www.joomshaper.com\/images\/pagebuilder\/blocks\/161.jpg"},{"id":162,"title":"Testimonial Carousel 2","preview":"https:\/\/sppagebuilder.com\/testimonial-carousel\/#section-2","json":"[]","thumb":"https:\/\/www.joomshaper.com\/images\/pagebuilder\/blocks\/162.jpg"},{"id":163,"title":"Testimonial Carousel 3","preview":"https:\/\/sppagebuilder.com\/testimonial-carousel\/#section-3","json":"[]","thumb":"https:\/\/www.joomshaper.com\/images\/pagebuilder\/blocks\/163.jpg"},{"id":164,"title":"Testimonial Carousel 4","preview":"https:\/\/sppagebuilder.com\/testimonial-carousel\/#section-4","json":"[]","thumb":"https:\/\/www.joomshaper.com\/images\/pagebuilder\/blocks\/164.jpg"},{"id":165,"title":"Testimonial Carousel 5","preview":"https:\/\/sppagebuilder.com\/testimonial-carousel\/#section-5","json":"[]","thumb":"https:\/\/www.joomshaper.com\/images\/pagebuilder\/blocks\/165.jpg"}]}}}